max_bo_tension,ass_curv,max_bo_curv,ass_tension
68.74727631,0.006028125,0.034578089,39.32684326
68.42383575,0.006370974,0.035528541,38.90300751
56.65165329,0.005000908,0.051244454,21.57555008
103.5476608,0.006261624,0.024739805,74.88627625
69.77928162,0.006451225,0.036203397,40.50258255
147.1744843,0.003149438,0.042455202,109.7295456
99.7489624,0.005667164,0.022799899,70.02210999
56.87453461,0.005000364,0.050866957,21.75622368
58.25947189,0.003561958,0.049784628,24.50916672
62.75349045,0.003303419,0.055991002,24.02561378
108.2733612,0.003560127,0.047168919,70.51966095
50.02676773,0.003787643,0.074634003,12.84224224
103.1552811,0.003498795,0.044705101,63.57535172
105.1147766,0.003226204,0.028333118,74.59221649
91.22848511,0.005584956,0.025145909,61.57918549
108.1500702,0.003531755,0.04890433,69.96820068
71.0164566,0.0059127,0.03396955,40.21525955
99.89022827,0.00312628,0.025051823,71.10900116
84.73658752,0.003625666,0.039976256,49.7917366
76.8208847,0.003291257,0.060265984,28.05114937
54.72639465,0.004770156,0.05517933,19.55360413
57.40520477,0.003114927,0.066080196,17.62095833
107.978981,0.003154412,0.027900721,77.11859894
74.4940567,0.003264638,0.059297389,27.22166443
137.050705,0.003071353,0.031928397,104.5608673
102.2517014,0.005637601,0.022761567,73.13531494
70.34719849,0.003267189,0.057163769,26.32902145
55.89962769,0.005168701,0.051902113,21.48773003
90.68700409,0.005841471,0.025376471,62.70666885
141.1685486,0.00301978,0.031397247,108.6073914
77.68474579,0.00328001,0.059757624,28.68286705
68.33924103,0.00631114,0.035423703,39.1083374
161.4762573,0.003155412,0.050438247,123.3055038
76.09262848,0.003670606,0.036411043,45.08942413
56.83105087,0.003534229,0.052237853,23.09549713
112.1785736,0.003028889,0.024656097,81.87480927
56.04468918,0.005332579,0.053455403,21.90572357
74.36773682,0.003678271,0.037032906,42.36965942
92.68397522,0.005555668,0.024981133,62.89478683
72.63119507,0.003286716,0.059088837,27.33231735
140.8961792,0.003016353,0.031415023,108.3538284
87.27848816,0.003625568,0.039136892,52.2256279
62.74908829,0.003302951,0.056005148,24.01880646
116.3078003,0.003317742,0.034162883,84.06610107
56.26306915,0.003399236,0.054416283,21.79101753
70.89306641,0.006075234,0.033714965,41.31007767
95.0039444,0.003238548,0.025907444,66.4298172
92.62031555,0.006380555,0.026835092,64.89927673
69.6082077,0.006409655,0.03580206,40.54233551
72.08040619,0.003725154,0.038186843,40.70802689
90.32723999,0.005862202,0.025502425,62.41648865
76.04669189,0.003675471,0.036000519,44.70178986
92.64850616,0.006426959,0.027109424,64.87801361
113.9369659,0.003285832,0.034610825,81.42201233
141.6439209,0.003020564,0.031690511,109.0985184
61.08026886,0.003245819,0.058410757,21.37884712
54.5104332,0.004923109,0.055035935,19.69678497
55.79151917,0.004993924,0.052481269,21.06647873
57.27421951,0.003602098,0.051345815,23.75809669
175.3311615,0.002954638,0.047149673,140.7604065
57.40276337,0.003504042,0.05127518,23.41184235
103.2394562,0.003051444,0.024180253,74.82348633
72.4723587,0.003268465,0.05703088,27.29092407
98.07704163,0.003364345,0.029631273,67.67674255
69.56879425,0.006058168,0.033654559,40.51278305
130.3933411,0.003099536,0.032722129,97.63604736
51.01796341,0.004241808,0.070532362,14.50727654
69.67345428,0.005976008,0.034319404,40.11021423
52.65537262,0.003235477,0.064224462,17.17677307
92.34339905,0.003165973,0.025547061,63.74708176
70.64409637,0.005764169,0.033782376,39.65657425
57.85064697,0.00310714,0.065386503,17.92582893
108.9258499,0.003244636,0.029572962,78.74136353
173.5057373,0.002769847,0.028937568,142.6744385
113.2809525,0.003291815,0.034546921,80.79611969
91.27751923,0.003259858,0.026871392,63.84744644
49.35634613,0.00352572,0.078116347,11.78008461
70.6995697,0.005922986,0.034171543,40.12300491
115.89534,0.003148812,0.028562841,85.59580994
85.41331482,0.003622814,0.040025469,50.33537292
53.65539932,0.00337188,0.060820696,18.70944595
76.37936401,0.003265642,0.059073746,28.3722229
116.3114395,0.003312973,0.033954804,84.08145905
142.0892181,0.003188025,0.041255235,105.1388702
56.20366287,0.005168142,0.053148984,21.80380249
69.63169098,0.005773678,0.03391199,38.85195541
74.17069244,0.003212686,0.061436812,25.87285233
63.3034668,0.003440532,0.053778537,25.48855782
56.46643829,0.00491297,0.050647363,21.83148956
52.39318848,0.004269703,0.066555941,15.71471882
55.17094803,0.004985084,0.054219346,20.39326668
135.8617554,0.003090823,0.032005763,103.4605484
69.83076477,0.003287804,0.057387129,26.10050774
57.2445488,0.003410895,0.055082773,21.99112511
51.40639114,0.004305081,0.066241746,15.33151245
92.18518066,0.005731089,0.024967567,63.69079208
52.34928131,0.0042755,0.065235724,15.52562428
68.84130096,0.006028986,0.034572377,39.31845856
119.781456,0.002815973,0.021508163,90.55126953
75.5750351,0.003676476,0.038291639,43.81631088
54.99856186,0.004948502,0.054570307,20.10012817
85.941185,0.003297831,0.063125694,31.72938347
56.85824203,0.0049573,0.050105555,22.25955582
56.79755783,0.0054325,0.049059552,23.12409782
92.55209351,0.005564955,0.025018714,62.83332062
52.35508728,0.004226122,0.064971092,15.5207777
150.0620728,0.003112795,0.042255974,112.5105438
54.5060463,0.004939086,0.054836331,19.78782463
97.97679138,0.003347862,0.030096402,67.77609253
78.05669403,0.003651971,0.035607147,47.10222244
98.37727356,0.003117705,0.024908169,70.32439423
126.558754,0.00305861,0.027014854,96.77873993
55.89351273,0.005145116,0.052100175,21.49454498
69.67118073,0.005976404,0.034322197,40.10747147
108.688652,0.005954309,0.024550059,79.79665375
88.95436859,0.005860283,0.025379316,60.4308548
95.79725647,0.003190525,0.027227422,67.14879608
52.87340927,0.003228684,0.06395059,17.30588341
70.20600128,0.00576158,0.033824807,39.26963043
52.35510254,0.00422602,0.064973745,15.50735283
56.71181107,0.004934885,0.05041764,21.99533081
109.1058655,0.003509823,0.049029969,70.66214752
93.75164032,0.003249859,0.026208696,65.24064636
168.4131622,0.003124682,0.052505947,129.9762268
134.2705383,0.003104649,0.032113534,102.0312576
70.69513702,0.00592371,0.034174963,40.11522293
90.96603394,0.005600834,0.025118107,61.25507355
117.1149445,0.002813562,0.022115585,87.90479279
94.17443848,0.00324739,0.026858744,65.73298645
106.631691,0.003262386,0.028192196,75.98607635
103.1959381,0.003498239,0.044699216,63.60755539
57.2263298,0.003512002,0.051892268,23.33941841
51.57125854,0.004468897,0.068015361,15.49737644
69.74306488,0.006252315,0.034862721,40.11603165
51.74475861,0.004229589,0.066188617,15.13922787
118.5085068,0.003270003,0.034041753,85.95996857
72.46588135,0.003268235,0.057040526,27.28358078
53.06345749,0.003226067,0.063658088,17.43717957
71.85014343,0.003730462,0.03816622,39.99634933
51.65800858,0.004100995,0.065482434,15.21671486
69.4756546,0.006057556,0.033658369,40.52130508
55.88928223,0.005142756,0.052088377,21.49375534
161.2424927,0.003157599,0.050431327,123.0808411
197.7113647,0.003173279,0.074221095,159.3997803
73.82283783,0.003737542,0.038956755,41.47329712
56.75353622,0.004964166,0.050562878,21.99918747
55.03643417,0.004952964,0.05702158,20.2164402
164.9294739,0.003160505,0.052568163,126.5587387
56.34915161,0.005198119,0.052819056,22.00864983
66.50318146,0.002885272,0.075454955,16.73369026
71.02021027,0.005911943,0.033966876,40.22215271
96.1277771,0.003181758,0.025780107,67.48046112
84.3979187,0.003640107,0.04002152,49.54128265
73.0997467,0.003675934,0.037593883,41.13189697
70.84028625,0.0059182,0.033722182,40.94262314
63.3547287,0.002892241,0.071839417,17.03337479
75.3079071,0.003719372,0.038336222,43.64976883
58.20929337,0.003534897,0.052917665,23.45469475
56.38254929,0.005260647,0.05027028,22.33118248
109.7090454,0.003563473,0.048945823,71.52133942
63.6932373,0.0034259,0.053763787,25.64839935
52.87953568,0.004730964,0.062290518,17.33712196
118.7199554,0.003266517,0.034024446,86.14100647
56.74256134,0.005262165,0.049881291,22.57454109
73.66056061,0.003694269,0.037195269,41.776371
57.20351791,0.003498581,0.051393713,23.27096748
102.5584641,0.003011419,0.02333432,73.83509064
105.9860764,0.006255396,0.02470123,76.24222565
51.3303566,0.004233182,0.066284783,15.29057407
70.04958344,0.006153014,0.034973437,40.91781998
69.84103394,0.005938254,0.034493804,39.36104965
179.7963867,0.002929031,0.047946192,144.2116547
88.70894623,0.003329128,0.02750407,60.37508011
56.87447739,0.005001402,0.050867287,21.75427055
110.2623215,0.005365566,0.020882751,79.58279419
51.06319427,0.004303003,0.071312274,14.59515572
63.84321213,0.003506455,0.052774956,26.32635307
117.9358673,0.003272542,0.033892433,85.40982819
52.26018906,0.004170079,0.064969008,15.64517307
62.49808884,0.003303493,0.055871851,23.95161629
98.89120483,0.003342306,0.029585577,68.3293457
70.1729126,0.005936825,0.034097516,40.3873291
70.73989868,0.003256339,0.05694692,26.55338478
88.4548111,0.003305573,0.063700627,32.62446976
55.89336395,0.00513949,0.051956539,21.44980049
54.34651947,0.00491595,0.055402398,19.60913658
103.1064072,0.003310499,0.030620773,72.71452332
68.44107819,0.006302187,0.035295305,39.22142029
76.33791351,0.003677254,0.036119074,44.87419891
53.07096481,0.002661695,0.082310816,12.23691559
54.04656219,0.005108634,0.058940302,19.06295776
88.78553009,0.005873271,0.025507435,60.20459747
55.17779922,0.004973497,0.054522129,20.3252697
103.4302979,0.00557277,0.022571273,73.99241638
72.04029083,0.003729378,0.037970274,40.26123428
98.04891968,0.005650336,0.023498308,68.1446991
68.78842163,0.006310891,0.035237082,39.50291443
90.63818359,0.005964668,0.025628134,62.37614441
54.37575912,0.003353005,0.059912824,19.18317032
92.10577393,0.00557335,0.024990883,62.17774963
235.8223724,0.002650154,0.050348695,204.6648254
142.2418671,0.003186603,0.041249882,105.2766113
56.18716049,0.00500039,0.052026014,21.17252922
57.43286133,0.003520111,0.05176669,23.48653412
55.99016953,0.004888854,0.051266502,21.40466499
70.47420502,0.006167421,0.034223756,41.35264587
67.50544739,0.006388789,0.035890337,37.74356842
120.9077988,0.003080316,0.027707798,90.31925201
95.07653809,0.005697695,0.023665852,66.01825714
98.76215363,0.003342165,0.029546214,68.22682953
110.3133545,0.003248642,0.029462711,79.89123535
69.61614227,0.005773959,0.033918946,38.85399628
101.2577744,0.00305054,0.024706628,72.72795105
55.91033173,0.005112977,0.052077518,21.62134361
53.97812271,0.004860324,0.057302612,18.62800598
86.3243866,0.003351675,0.028162969,58.01269531
58.0190506,0.003553823,0.049983269,24.30655479
52.50263596,0.004707503,0.062855578,17.07907867
51.66771317,0.004130745,0.065844178,15.22503567
105.8439789,0.002949845,0.023033878,76.52424622
91.41542053,0.006443364,0.027152756,63.74775696
107.0227432,0.00305427,0.02459835,78.2674942
111.8384857,0.003144475,0.027264014,81.57102966
100.1390381,0.003534544,0.046588294,64.39128113
76.39530182,0.003672509,0.036530176,45.27133179
165.1778564,0.003158154,0.052581795,126.8000565
56.78203964,0.003516563,0.051918093,22.92723656
78.26387787,0.003660429,0.035331294,46.88430786
52.25905991,0.004169969,0.064972561,15.64512444
173.0472565,0.00276778,0.028943337,142.2244568
93.52477264,0.003418567,0.030537183,62.79224396
88.7389679,0.005881152,0.025542767,60.16134262
98.72040558,0.003518551,0.043737394,60.32503891
127.8244019,0.003214422,0.033027758,95.31088257
50.99022293,0.004191467,0.070306737,14.62226105
175.6465912,0.002901159,0.040082275,140.5081635
100.7555466,0.003056138,0.024663279,72.2142334
99.66790009,0.00330051,0.029811035,69.21141815
56.33056259,0.005022079,0.051649525,21.39433479
97.63200378,0.003552068,0.043785314,59.64451218
107.7808151,0.003147788,0.028342293,77.70397186
130.1044159,0.003090739,0.032745569,97.37302399
56.90328979,0.004984791,0.050250746,22.26221466
90.76229858,0.003203934,0.025771594,62.43896866
56.99778748,0.005063915,0.051252229,22.12403297
89.69187164,0.003610318,0.038523311,56.37591171
108.1970291,0.003531171,0.048906789,70.0036087
91.84908295,0.003163739,0.025475415,63.515522
52.90203857,0.004799555,0.062810989,17.32780457
110.3139496,0.005369241,0.020907717,79.66603851
52.27425766,0.004157129,0.064792712,15.63356018
58.31399918,0.003576212,0.050291284,24.58998108
73.5730896,0.003671955,0.03744418,41.57741165
59.22085953,0.00324742,0.06102869,19.85329819
100.4163666,0.005453061,0.022850626,70.82744598
69.60868073,0.006233176,0.034673205,40.16743088
121.5846558,0.003075579,0.026250408,92.02498627
102.2403946,0.005637545,0.022764438,73.12405396
70.57781982,0.005923068,0.03407904,39.8365097
106.9735641,0.003563742,0.048744211,69.24607086
56.75400543,0.004964027,0.050563597,21.99789619
70.29724884,0.005750636,0.033925844,39.52929688
192.6644745,0.003171259,0.071080593,154.3336792
57.2143898,0.003585823,0.050751035,23.70103073
116.508873,0.003314231,0.034147557,84.23618317
71.21411896,0.003283757,0.058642735,26.9110527
196.2261047,0.002944065,0.052117635,161.708252
55.89888382,0.005176466,0.052029218,21.54245567
113.8632584,0.003511895,0.051306576,74.30397034
114.1555862,0.00287426,0.022373521,85.43110657
74.99977112,0.003680029,0.038407597,43.30237961
52.27395248,0.004156883,0.064782878,15.65596676
117.0733414,0.003073885,0.026680763,86.59391785
56.03719711,0.005359509,0.053465914,21.88945389
172.5992279,0.002930977,0.040359948,137.3662872
68.87289429,0.006037595,0.034799312,39.14556503
141.364563,0.003018213,0.03170792,108.8383942
70.8368988,0.005918584,0.033726094,40.93852615
110.8961029,0.003355457,0.034601033,78.87786865
75.34877014,0.003297851,0.059509906,27.87582207
78.35215759,0.003653749,0.035718763,47.28611755
117.3709106,0.003287464,0.033903968,84.93358612
76.19226837,0.002910756,0.079029194,18.8468399
102.6316681,0.00301076,0.023328764,73.88113403
192.2326813,0.002982412,0.052310187,157.7206879
49.44588089,0.003654082,0.080585159,11.90105247
84.81895447,0.00363785,0.040145351,49.83845901
98.8636322,0.003109531,0.024732363,70.80258179
69.84526825,0.005937521,0.034490764,39.36872482
226.6802673,0.002718414,0.049670875,195.3140869
104.3132629,0.005519956,0.022414471,74.67795563
78.06999969,0.003679032,0.037131393,46.29493332
97.76631165,0.005635478,0.023441681,67.98898315
60.94856262,0.002703131,0.081047188,14.34058094
95.70279694,0.005665677,0.023452624,66.65391541
89.79942322,0.00563366,0.025358044,60.33986664
117.4434357,0.003291894,0.034101094,85.02490997
73.95684052,0.003680046,0.037089293,42.02339935
65.01203156,0.003484513,0.051895714,27.17096329
58.63265991,0.00353377,0.05263159,23.73106003
55.89941788,0.005168917,0.051903133,21.48804283
99.80854034,0.00566437,0.022805989,70.09069824
80.54257202,0.003660567,0.036461092,48.64025497
110.5061951,0.003363891,0.034770999,78.52505493
84.34198761,0.003418942,0.028642267,56.46011353
90.31489563,0.003609221,0.038791347,56.82911301
102.075058,0.005410382,0.022728851,72.23049164
126.5596313,0.003170716,0.03294819,94.2407074
70.64185333,0.006200552,0.035922713,41.43626785
84.43533325,0.003639187,0.040005386,49.56945801
121.2273712,0.00308126,0.027835473,90.60370636
90.81399536,0.003203328,0.025764752,62.47472763
161.4523773,0.003151817,0.049443826,124.0002213
107.053688,0.003053775,0.024592589,78.28982544
70.00154114,0.005946587,0.034221782,39.4139061
76.36914825,0.003265228,0.059087054,28.36132622
103.5922775,0.003066964,0.024260397,74.74213409
56.46780777,0.00491496,0.050661315,21.83113098
68.78180695,0.006036988,0.034800244,39.16201401
71.44474792,0.005920676,0.033872635,40.86732101
90.25347137,0.003610213,0.038803718,56.78168869
117.6496964,0.003288532,0.034084871,85.20052338
183.3896637,0.002922743,0.050150346,147.9421692
84.09592438,0.003658259,0.040291909,49.27009201
58.01708984,0.003547014,0.053335463,23.22714615
67.62631226,0.002898437,0.074874128,17.41549873
197.282959,0.003176527,0.074161492,158.954483
57.31984711,0.003590442,0.050505106,23.86282921
73.84597015,0.00369418,0.037251311,41.87987518
113.6043472,0.005315475,0.020764255,82.09537506
116.8530273,0.003073351,0.026597921,86.38712311
70.73387146,0.003256101,0.056956772,26.54650116
58.44631577,0.003262849,0.062169088,19.28352928
102.6916504,0.003310769,0.03057942,72.34929657
50.06819534,0.003793981,0.074592462,12.72195721
168.1501617,0.003127505,0.052493869,129.7192535
209.254776,0.002672946,0.047883071,176.4267578
127.5903854,0.003218461,0.033044654,95.10555267
54.50550079,0.004939228,0.054838153,19.78847504
70.19874573,0.005942266,0.034130041,40.38188553
138.1864014,0.002829546,0.023999499,108.1296616
109.0576401,0.003510556,0.049027755,70.62561798
75.33994293,0.003297317,0.059522202,27.86607361
92.87781525,0.003141659,0.025373658,64.35131836
56.12374878,0.003396925,0.054332405,21.76678085
64.02159882,0.003422294,0.053485002,25.90274048
70.23390198,0.00621533,0.03518406,41.27812958
70.19559479,0.005942558,0.034133662,40.37805939
101.5346756,0.003521937,0.044780235,62.25596237
70.91481018,0.00328092,0.058038123,26.1746769
98.72860718,0.003323481,0.029903931,68.40396881
77.67440796,0.003279596,0.059771181,28.67164803
73.31802368,0.003712717,0.037310735,41.50784302
91.98126221,0.005582251,0.025027048,62.12278748
92.92988586,0.003141032,0.025370579,64.3877182
52.08913422,0.004247289,0.065738539,15.32734013
95.8117218,0.003347157,0.030179759,65.22660828
112.4315186,0.003123177,0.027610914,82.45497894
75.9438858,0.003276272,0.059299127,28.12331581
88.12467194,0.003349297,0.027626984,59.93505096
90.61156464,0.005967122,0.02563496,62.33881378
100.1876831,0.003183528,0.026893482,70.15802765
67.33320618,0.006388129,0.036041282,37.52784348
134.5757904,0.003113895,0.032092811,102.3100662
63.71782684,0.003419537,0.053576575,25.70915222
84.5670166,0.003412219,0.028544489,56.67608643
99.75450897,0.003556788,0.044851502,60.87392426
52.69779587,0.004580399,0.060970395,16.91703606
77.98191833,0.003658844,0.035221757,46.7110672
149.8850403,0.003114804,0.042259428,112.3471527
110.8817673,0.003167256,0.027352033,80.76515198
104.3016052,0.005521975,0.022443379,74.66755676
98.63121033,0.003219121,0.026937881,68.5752182
69.74198151,0.006403691,0.035772889,41.23060608
99.51823425,0.003496589,0.043675146,60.92611694
109.9857635,0.003248473,0.029324798,79.61743164
54.35642242,0.004898096,0.055607436,19.50416946
113.7779846,0.002989828,0.02445684,83.2024765
73.63084412,0.003666976,0.037599312,42.02091217
90.6987381,0.005840532,0.025373388,62.71613693
84.77353668,0.003638473,0.040163666,49.80141068
91.34600067,0.005575996,0.025109108,61.69142151
93.8388443,0.003137317,0.025363081,65.16075134
89.90279388,0.005625495,0.025174574,60.27930832
55.51689148,0.00287426,0.073790828,14.87248516
105.9161301,0.002949276,0.023029046,76.56964874
49.48517609,0.003733902,0.076229822,12.37732506
89.0014267,0.005852303,0.025344874,60.47438812
100.7825012,0.003055519,0.024656763,72.23616028
70.65905762,0.005764036,0.033775967,39.65934753
103.9752884,0.00355754,0.048344263,67.61769104
57.02750015,0.005029692,0.050485798,21.97611427
63.33378601,0.00343347,0.054024992,25.40032005
161.3660278,0.003204194,0.052691493,123.1699753
94.77825165,0.003249372,0.026972801,66.24966431
55.02497101,0.004945262,0.056944994,20.19532967
56.14888763,0.003380181,0.053901672,21.69742012
57.55209732,0.005455607,0.048125137,23.76119041
114.1867371,0.002873548,0.022364105,85.45543671
50.06784821,0.00379382,0.074593315,12.78044891
58.56290817,0.003617182,0.052007952,24.16561127
169.2686615,0.002968712,0.040644896,134.1225891
94.19533539,0.003247123,0.026853742,65.74825287
69.45178223,0.005755532,0.034181905,38.78950882
56.65286255,0.005003521,0.051239086,21.57424164
70.53040314,0.005907378,0.033891047,40.59562302
162.5499878,0.003028918,0.048563935,126.0565643
62.99268723,0.00269096,0.083614643,13.66093922
52.00617981,0.004123107,0.065145006,15.43159962
242.161972,0.002951434,0.080261054,211.4051514
143.9602966,0.002827799,0.025137762,114.564621
57.64493179,0.003109048,0.065725639,17.77233124
63.8224144,0.003505699,0.052808874,26.3068943
56.57935715,0.00525761,0.05007103,22.45581818
93.78569031,0.003137911,0.025366359,65.1233902
89.74541473,0.003609238,0.038511907,56.41521835
69.27414703,0.006059288,0.034066949,39.96568298
57.02719116,0.005030636,0.050486828,21.97389793
101.3048706,0.003049907,0.024699391,72.75662994
91.46214294,0.003237573,0.02651657,63.39191818
50.94935226,0.004080592,0.06814167,14.35509205
104.2929611,0.002975848,0.023163933,75.18873596
55.18092346,0.004976001,0.054536971,20.32746696
158.848465,0.003150639,0.047413649,121.5216217
75.89242554,0.003683989,0.038016071,44.17543411
70.19104767,0.005761782,0.033831581,39.26793671
64.03681946,0.003423291,0.053458834,25.91759682
94.79665375,0.003249043,0.026968089,66.26242828
74.42147827,0.003673588,0.037217473,43.42071915
165.939743,0.00295536,0.046585284,129.3474121
54.51161194,0.004924837,0.055055245,19.69648933
149.4442902,0.003171442,0.048465775,112.3937988
109.8275986,0.00357149,0.050671614,71.15994263
56.42950821,0.005060568,0.051841072,21.76811218
111.5895691,0.003142633,0.027711283,81.7179718
84.42742157,0.003614524,0.040323874,49.4076004
52.86919403,0.004590551,0.060694898,17.05034828
51.47449875,0.004305405,0.066161567,15.21714687
63.90541458,0.003515052,0.052526105,26.46577835
56.51865005,0.004954913,0.050873017,21.84567261
68.73935699,0.006294252,0.035207278,39.42839813
51.58097076,0.004414498,0.067970236,15.54610157
96.14790344,0.003191257,0.027219228,67.4366684
103.2734604,0.003050717,0.02417095,74.84654236
121.9281082,0.003055145,0.025980367,91.80912018
72.50288391,0.003198002,0.06130327,25.17477036
107.8294296,0.003491837,0.048989465,70.64876556
54.95100021,0.004904131,0.056556408,20.1714077
102.2830276,0.003329076,0.030714427,72.0198288
116.5082169,0.003309806,0.033937883,84.24768066
102.1010132,0.003326389,0.030638509,71.09135437
57.10647964,0.003508098,0.051592245,23.1705265
73.96269989,0.003734415,0.038742447,41.70241165
67.04697418,0.002908431,0.075481204,17.15642166
84.47006989,0.003614031,0.040305554,49.44320297
163.3996429,0.003130824,0.050264402,125.3127899
56.30610657,0.005253477,0.050489691,22.21779442
98.66249084,0.003224485,0.027138957,68.51473999
71.07180023,0.005762042,0.033682698,40.27781296
70.38851166,0.006278528,0.033868566,41.4493103
58.33590317,0.003538251,0.052977877,23.47908211
49.51283646,0.003735487,0.075997562,12.2897644
71.89692688,0.003727076,0.038385852,40.44912338
62.38745117,0.002902209,0.073045783,16.54863739
58.48586655,0.003615556,0.052280239,23.9974575
85.4601593,0.003621991,0.040006535,50.3737793
59.24910355,0.003232345,0.06095257,19.88558769
64.67168427,0.003480748,0.05209826,26.90958023
85.95897675,0.003298708,0.063107218,31.74840546
52.70498657,0.004718169,0.062579064,17.20682907
114.9309006,0.003171098,0.02867159,84.75959778
54.94048309,0.004898857,0.056474923,20.15424347
72.1419754,0.003229442,0.061415734,24.94947624
104.9573288,0.003210632,0.028650114,75.3418045
56.29235077,0.005058521,0.052304944,21.5774765
56.81162643,0.003533091,0.052462123,22.99194908
52.09910583,0.004210607,0.065575626,15.29957962
195.2154541,0.002925434,0.048593153,161.7328796
103.5798569,0.005384351,0.022646466,73.58467102
51.32916641,0.004233055,0.066285996,15.28994846
130.1553497,0.003557984,0.06520901,86.99352264
70.97414398,0.006076379,0.033718208,41.29048538
92.39170837,0.005743175,0.024939906,63.94986343
72.01031494,0.003578742,0.034897508,41.85946655
73.28604126,0.003713922,0.037477289,41.38040543
56.69275665,0.005171036,0.052386571,22.22529411
61.0818634,0.003246423,0.058399887,21.38314819
88.43572998,0.003304854,0.063720818,32.60391235
74.00026703,0.003675271,0.037253992,43.06744385
99.71705627,0.003320446,0.029463549,69.05078888
70.19226837,0.006287545,0.034237377,41.00930405
56.04684448,0.0053141,0.053203014,21.80541039
63.34350967,0.002892311,0.071865143,17.02434349
60.84810257,0.003247076,0.05829801,21.33488655
49.4842453,0.003733605,0.076234333,12.37624359
67.64265442,0.002898298,0.074836785,17.42894173
87.32627106,0.003624621,0.03911933,52.26203156
70.00527954,0.005945961,0.034218961,39.42095566
56.76340103,0.005055567,0.051526141,21.95539665
84.13987732,0.003657506,0.040273907,49.30590057
87.90970612,0.003624473,0.039350078,52.65784836
98.86296082,0.003322168,0.029951573,68.51083374
104.1104279,0.003496326,0.046970106,67.73796082
70.90906525,0.003280483,0.058047879,26.1678791
97.82315826,0.005625175,0.023421695,68.04869843
172.8292389,0.002928736,0.040361604,137.5957031
56.27788162,0.003381744,0.053989217,21.71722031
175.8899841,0.002898795,0.040082134,140.7505035
114.1315002,0.003282946,0.034593596,81.58836365
54.99803925,0.004948687,0.054572072,20.10079956
147.3424988,0.003147752,0.042451893,109.8836288
56.90338898,0.004984606,0.050252385,22.26032639
73.70420837,0.003689737,0.037355239,42.19247055
57.13919067,0.003524444,0.052112958,23.23875809
55.93093491,0.005123005,0.052227721,21.69060135
62.90591812,0.00289208,0.072445732,16.78769302
91.57058716,0.005779704,0.025162637,63.27428436
90.33872986,0.005861274,0.025499018,62.42597961
91.48651886,0.003236976,0.02650953,63.41082001
106.496994,0.003256061,0.028519116,76.62100983
56.71036911,0.004932804,0.050402778,21.99668312
55.92606354,0.003352574,0.057754097,20.4214077
70.382164,0.006279363,0.033874468,41.44390488
146.5417938,0.003170961,0.046555098,109.7395554
89.22317505,0.003312585,0.027386615,60.77545166
56.04202271,0.00534528,0.053205874,21.87238503
192.2626038,0.003174336,0.071030111,153.9205627
63.73305511,0.003420179,0.053550831,25.72359276
110.6454544,0.003165567,0.027813091,80.93037415
59.23864746,0.003580066,0.051386953,24.6274128
94.55638885,0.003230076,0.027503632,66.1574173
169.050705,0.002971279,0.040644755,133.9068451
113.8035889,0.003512443,0.051301003,74.25737
70.52832031,0.006192222,0.0342957,41.44158554
73.89962769,0.003689925,0.037416678,42.30341721
52.00702667,0.004145541,0.065430275,15.43120956
99.01953125,0.003343863,0.031363907,67.92769623
71.90084076,0.006293816,0.03379976,42.43108368
69.83592987,0.003288268,0.057378255,26.10672188
146.294754,0.003120746,0.040890123,108.9659729
82.46535492,0.003672892,0.040527522,47.9229393
135.5496216,0.003082321,0.032026913,103.1737976
108.349762,0.003540763,0.049234921,70.03736115
103.4422455,0.005573003,0.022541562,74.00282288
69.19908142,0.006313805,0.03504777,39.89286423
117.1707687,0.00329088,0.033920516,84.7640152
144.374176,0.003149351,0.041109565,107.1639328
55.75112152,0.003349818,0.057661584,20.39269066
55.8988266,0.005176222,0.052028605,21.54145622
144.5326538,0.003147563,0.041104482,107.3076324
109.4790573,0.003504082,0.047736844,71.37252808
73.33207703,0.003710145,0.037660581,41.80616379
56.85691071,0.004955279,0.050090725,22.26073456
64.99008179,0.003483648,0.051929127,27.15095329
51.47464371,0.004304892,0.066152743,15.27596569
82.49771881,0.00367237,0.04051239,47.94739532
63.52997971,0.003427942,0.053685249,25.59931755
56.91487122,0.005176703,0.05206833,22.38975525
200.4608917,0.002910372,0.051958385,166.1231537
64.64873505,0.003479739,0.05213434,26.88818169
99.48510742,0.003497234,0.04368126,60.90081024
56.65139389,0.005000979,0.051245375,21.57459641
75.68823242,0.003265595,0.059829552,27.58391571
95.12128448,0.005689729,0.023644843,66.0646286
71.22101593,0.003231079,0.060677331,25.70042038
54.34674835,0.004915771,0.055401518,19.60771751
98.83627319,0.00311011,0.024738236,70.7805481
83.70259094,0.003619311,0.040392424,48.77826691
78.5572052,0.003278657,0.05927917,29.32813454
97.60002899,0.003552699,0.043791006,59.62044144
126.2898941,0.003162498,0.032970565,93.99836731
70.43801117,0.006153389,0.036057003,41.27217865
163.6427612,0.003128317,0.050272286,125.5475693
97.02024078,0.003400496,0.031677903,66.24784851
101.381424,0.003351078,0.030855843,70.4574585
68.72208405,0.006395763,0.035374905,39.28447723
51.66651535,0.004130587,0.065847852,15.2250576
92.39613342,0.003165323,0.025541711,63.94774246
54.00033951,0.005032849,0.058175149,19.0768013
69.83880615,0.006445466,0.036168504,41.22297668
55.01506042,0.004939853,0.054860922,20.0359211
52.49398804,0.0045718,0.061233463,16.78565788
68.14407349,0.002898164,0.074216419,17.69950485
80.13359833,0.003659064,0.036320363,48.39479828
98.40242767,0.003117135,0.024902711,70.34430695
51.65812302,0.004101182,0.065490479,15.1947422
96.80478668,0.003409534,0.031792084,66.03259277
63.58779526,0.002687076,0.082662961,14.03965759
53.33469391,0.00483822,0.058230699,18.14379501
97.56381989,0.003162289,0.026930405,68.64440918
58.38171768,0.003525882,0.052750031,23.57361794
58.07020187,0.003565185,0.050507668,24.38024902
158.7641144,0.003193145,0.050554809,120.791626
52.09981918,0.004210746,0.065573039,15.31256962
89.77555084,0.005618786,0.02545288,60.43367767
91.55832672,0.005780494,0.025165687,63.26462555
95.84108734,0.0033264,0.030597661,65.45539093
57.62389374,0.003122178,0.065787129,17.7515831
200.0752563,0.002913227,0.051931347,165.723175
56.51849365,0.004955093,0.050871061,21.84762001
100.711319,0.003157374,0.026629869,70.59591675
102.2915497,0.00539872,0.022683828,72.41181946
127.1192932,0.003216361,0.03274668,94.64326477
199.9355774,0.002745033,0.04793855,166.9394379
97.9919281,0.003368072,0.02971099,67.57522583
56.33047867,0.005022168,0.05164985,21.39414024
115.1103745,0.002959947,0.024279354,84.37167358
112.7009888,0.003125262,0.027182103,82.32909393
70.31008911,0.005750474,0.033919582,39.52967453
69.60385132,0.006233897,0.034678177,40.16248703
70.49319458,0.006051898,0.033700699,41.04639435
69.74953461,0.006251611,0.034857091,40.12263489
55.93226242,0.005123074,0.052224827,21.69245338
75.2717514,0.003717172,0.038160399,43.71507645
75.93440247,0.003275963,0.05931161,28.11296844
94.54650879,0.003224562,0.027442662,66.19225311
56.65278625,0.00500364,0.051239607,21.57284927
71.6733551,0.003269208,0.057563994,26.71146393
71.3761673,0.006264287,0.033825288,42.0281601
56.82745743,0.00528073,0.049731062,22.69549751
107.1969452,0.003057553,0.023642131,78.41261292
150.0201416,0.00300172,0.030641819,118.3231964
57.37459183,0.003602711,0.051109584,23.92250252
111.9044342,0.003535766,0.051007865,72.75726318
130.0633698,0.003558961,0.065190135,86.91606903
49.40752029,0.003608737,0.080418768,11.89663219
71.44950867,0.005919913,0.033869245,40.87522125
69.57334137,0.003214515,0.060641968,24.96562958
67.06265259,0.002908483,0.075444361,17.16931915
70.18512726,0.006288367,0.034243314,41.00266647
100.6199188,0.005442167,0.022808823,70.99248505
56.81128311,0.003520287,0.051703181,23.03103065
137.7702179,0.002833218,0.024244623,108.4189682
73.86270905,0.003525942,0.034610548,43.19280243
56.19544983,0.004959065,0.051117277,21.59870529
58.47273636,0.003247226,0.062094841,19.31313515
69.52666473,0.00323538,0.061635811,24.62306976
69.43832397,0.00575573,0.034187061,38.78995895
160.2781982,0.003021138,0.046697672,124.0348663
56.187397,0.005000314,0.052025273,21.1720047
56.67200851,0.005181069,0.052422174,22.20981407
56.13734436,0.004905896,0.050837156,21.57230759
169.8125763,0.002947777,0.048614689,133.1652832
51.76304626,0.004204482,0.066105348,15.11091995
55.78616714,0.004987355,0.052424587,21.06178093
70.1705246,0.005937176,0.034100497,40.38442993
69.43746948,0.005973272,0.034538774,39.77743149
63.50442123,0.002909536,0.073893792,17.06608391
55.90975952,0.005113051,0.052078105,21.62061119
52.00645447,0.004123328,0.065153658,15.40937805
73.14593506,0.003670973,0.037752684,41.5672493
116.8523712,0.003063984,0.026973416,86.63292694
116.6157227,0.003063643,0.026879196,86.41873169
76.83065796,0.003291764,0.060252542,28.06184578
53.34529877,0.004996515,0.059138505,18.59923363
83.99626923,0.003658374,0.04006617,49.27989578
68.99054718,0.006289826,0.035120081,39.61876678
101.4965591,0.003522459,0.044785859,62.22658539
70.05315399,0.006152718,0.034970795,40.92114639
52.00815201,0.004145659,0.065426733,15.43123245
84.77410126,0.003624786,0.03996031,49.82003784
98.39476013,0.003167566,0.025304865,69.92716217
71.87408447,0.006214966,0.033371468,43.07410049
71.06143188,0.005761847,0.033688301,40.27547836
111.7706604,0.003179561,0.029248005,81.20465851
111.8481445,0.003536391,0.051002627,72.71264648
78.56816101,0.003279272,0.059265478,29.33978271
113.4673386,0.003288985,0.034529255,80.95399475
106.2527695,0.003256285,0.028417644,76.41292572
76.21946716,0.002910614,0.078968024,18.87050056
110.2107849,0.00588444,0.024263562,81.12683105
91.07978821,0.005592127,0.025048956,61.30241394
62.37712479,0.00290223,0.073070642,16.54026794
55.17064285,0.004985305,0.054220359,20.39453697
57.04540634,0.003520849,0.052062502,23.22016716
86.65753174,0.003349333,0.028094318,58.30976868
56.58167648,0.005263097,0.050108077,22.45681
175.088089,0.002995729,0.047475593,139.4586639
113.0008087,0.00349794,0.049881366,74.1022644
91.48892975,0.005797286,0.025211593,63.25221252
53.07796478,0.00266105,0.0822625,12.24183846
49.51257706,0.003735359,0.076000083,12.32556248
191.8905945,0.002985235,0.052283777,157.366272
72.59455872,0.003546279,0.034749581,42.2494545
99.79045105,0.003556198,0.044846393,60.90150452
196.5889587,0.002941312,0.052143491,162.085907
117.1787415,0.002812756,0.022106827,87.92938232
73.35154724,0.003708414,0.03748401,41.9262085
92.40549469,0.005742087,0.024936874,63.95994568
91.79594421,0.003164414,0.025481008,63.32662201
99.36467743,0.0033239,0.029466837,68.73264313
71.2184906,0.0061544,0.035697003,41.87155533
56.52524948,0.00495416,0.050813369,21.80605125
89.8808136,0.005610832,0.025308514,60.35782623
106.927536,0.003564464,0.048741341,69.21065521
63.34851074,0.003434123,0.053998559,25.41490173
83.73512268,0.003618857,0.040377153,48.80274963
99.78936768,0.003183296,0.026762426,69.858078
113.529686,0.005315013,0.020744509,82.0165863
57.0981636,0.005186781,0.051651595,22.64365578
70.57641602,0.006053081,0.033699414,41.03597641
98.68786621,0.003518916,0.043743391,60.3001976
89.46744537,0.003311828,0.027346011,60.983284
93.81563568,0.003393885,0.030899057,63.81327057
96.83874512,0.003166661,0.027016019,68.00243378
176.7124023,0.003004093,0.049543553,141.0236816
71.66003418,0.006115309,0.035480384,42.2577095
52.1277504,0.00425376,0.067178002,15.52628326
101.497963,0.003152148,0.026694196,71.26031494
68.57796478,0.003245064,0.060881857,24.59952545
62.50208282,0.003304095,0.055858617,23.95774841
105.7769775,0.003541851,0.04724774,68.11364746
56.77958679,0.005073701,0.05164942,21.97850037
101.7521057,0.003552371,0.046672863,66.204422
241.4516296,0.00295508,0.080096448,210.6448364
57.82920837,0.003120331,0.065447432,17.90464973
56.19602585,0.004958958,0.051118321,21.59731674
95.75012207,0.00565782,0.023433407,66.70256042
78.48904419,0.003680787,0.037282864,46.53750992
103.710289,0.003068009,0.024274948,74.82894897
124.9214859,0.003553533,0.061800513,82.96044922
54.7313652,0.004775945,0.055230295,19.55834198
56.68199539,0.00541985,0.049350811,22.95114708
158.5403748,0.003195535,0.050546796,120.5773849
55.98884964,0.004886871,0.051253264,21.4042244
51.7623291,0.004204269,0.066107792,15.09839344
57.17821503,0.005102792,0.051018284,22.37722206
82.36615753,0.003672853,0.040726325,47.76763916
57.43301392,0.003413453,0.055183332,22.02407455
92.1728363,0.005732054,0.024970599,63.68098068
60.13524246,0.002705723,0.082058031,13.96557903
62.89514923,0.002892123,0.072471355,16.77888298
101.4291153,0.003345539,0.030741709,70.52732849
127.3473434,0.003212448,0.032729688,94.84194183
49.47524261,0.003702435,0.081254277,11.89379883
91.47597504,0.00579809,0.025214613,63.24240112
71.38288879,0.006263341,0.033819444,42.03328323
72.07180786,0.003585728,0.03523989,41.67947388
110.6846848,0.003361193,0.034755389,78.67510986
73.03544617,0.003525484,0.034612942,42.58358002
52.52262115,0.004781461,0.063388506,17.06752968
91.50549316,0.003238235,0.026400357,63.46727371
71.31451416,0.006112654,0.035651792,42.07089996
69.18669128,0.006058714,0.034068501,39.98104477
56.13854599,0.004907856,0.050851641,21.57189941
53.38579178,0.00508129,0.059861385,18.58707237
63.70816422,0.003426885,0.053737891,25.66308022
109.8802338,0.003570901,0.0506771,71.20078278
103.0791779,0.003535206,0.048460731,66.4983902
72.85370636,0.0032171,0.062242784,24.88680267
70.57414246,0.0059238,0.034081941,39.82956314
149.6504059,0.002996986,0.030660786,117.9721375
76.41204071,0.00368207,0.037993006,44.59270096
71.67948151,0.003269481,0.057554106,26.71855736
96.24759674,0.003340394,0.030128729,65.61816406
161.5998077,0.003201877,0.052703886,123.3955612
82.32794189,0.003673059,0.040743358,47.73649216
70.53292084,0.00590696,0.033887866,40.59867859
98.04676056,0.003345648,0.030005586,67.86527252
57.42584229,0.005433891,0.048366581,23.57910728
55.50590515,0.002874464,0.073828976,14.82450104
106.3985214,0.003260908,0.028111122,75.78543091
73.02468109,0.003550339,0.034923604,42.44817352
58.00732422,0.003548205,0.053101955,23.32853508
124.9978485,0.003552446,0.061812563,83.02320099
52.73041153,0.00478706,0.063101964,17.19563293
71.92977905,0.006239366,0.033440587,43.16621017
88.00834656,0.003354645,0.027677823,59.81219101
57.3844986,0.003128218,0.066139794,17.60059357
110.7190475,0.003358249,0.034617719,78.7289505
54.35360336,0.004895923,0.055593991,19.50246429
63.92634201,0.003516329,0.052492642,26.48559761
91.53179169,0.003237722,0.026393435,63.48766708
60.8467865,0.003246491,0.058307859,21.33112526
56.47254944,0.004911938,0.050586741,21.79277039
56.47384262,0.004913916,0.050601287,21.79188347
88.77196503,0.003331563,0.027510256,60.41186523
95.12890625,0.00323956,0.025918154,66.51444244
104.3658524,0.002975237,0.023159721,75.23442841
99.18491364,0.003145218,0.025177061,70.54048157
70.22695923,0.006215722,0.035188546,41.27095795
106.9385681,0.003037553,0.02484594,78.33109283
93.59082031,0.003397561,0.030998142,63.59475327
50.02581406,0.003787423,0.074638556,12.84130573
51.77602386,0.004245537,0.067744331,15.34576511
96.26851654,0.003318252,0.030548569,65.83924866
56.04549026,0.004940681,0.051536953,21.43044281
56.52470779,0.004954269,0.050812657,21.80737495
118.1392136,0.003269264,0.03387492,85.58262634
72.12175751,0.003503312,0.035246489,42.85338593
103.809494,0.005370899,0.022600696,73.78255463
99.31577301,0.003305296,0.029808273,68.89793396
99.51541138,0.003344024,0.031325767,68.36672211
146.4583435,0.003118998,0.040884803,109.1154404
93.76509857,0.003413805,0.030437306,63.03608322
70.34155273,0.003266828,0.057173207,26.32249069
57.02295303,0.00350728,0.051541587,23.1551609
55.89551544,0.005141262,0.051974257,21.44896507
55.01662064,0.004941907,0.054882492,20.03698349
144.3379669,0.003192531,0.042654656,107.0986938
63.54475784,0.003428748,0.053659404,25.61349869
87.85452271,0.003625588,0.039369581,52.61401749
84.0334549,0.003657699,0.040050314,49.30783844
75.87794495,0.003698771,0.038167598,44.12633133
59.51676178,0.00358962,0.051169912,24.85139656
71.91034698,0.00629299,0.033792769,42.4384613
144.1793213,0.00319411,0.042657352,106.9545746
97.99092865,0.00566117,0.023518453,68.08584595
75.60082245,0.003698428,0.038089563,43.95863342
69.43453979,0.005973671,0.034542304,39.77387238
116.7556839,0.003130803,0.028456521,86.36080933
68.12709045,0.00289821,0.074254424,17.68548775
136.7321167,0.003063402,0.031950088,104.2668686
51.4073143,0.004305367,0.066238119,15.3325758
56.04528046,0.004940843,0.051534872,21.43243599
63.31790543,0.003441293,0.053753885,25.50250053
